des_ross_x,des_ross_y,des_ross_theta,des_mon_x,des_mon_y,des_mon_theta,act_ross_x,act_ross_y,act_ross_theta,act_mon_x,act_mon_y,act_mon_theta,act_payload_x,act_payload_y,act_payload_theta,ross_cmd_vel_linear_x,ross_cmd_vel_angular_z,monica_cmd_vel_linear_x,monica_cmd_vel_angular_z,dt,ros_time_ns,ros_time_sec
-0.25920667060338476,0.9104296384677215,0.06106087332404808,0.3001155703533792,0.9379728912005367,0.03587377196496844,-0.2690251246848243,0.897275911324607,-0.014825328755816096,0.28507560217899425,0.9280616479505623,0.005677946061272809,0.02045418694615364,0.924201250076294,0.048454212208612166,8.127563652554998e-06,6.279945373535156e-05,-1.3066884110554435e-05,2.9658067503224266e-05,0.02,1756596650350012805,1756596650.350013
-0.25920665127388914,0.910429253381706,0.06106087332404808,0.30011555175407467,0.9379732763258088,0.03587377196496844,-0.2689553581250371,0.8972254328892918,-0.015124631912396505,0.2850325511153609,0.9281043601028127,0.0056033561043769,0.02045278251171112,0.9242069721221924,0.04799216980973586,8.926043778841569e-05,0.0006907224655151367,-0.00014499557214598383,0.0003272355719305533,0.004186153411865234,1756596650354064384,1756596650.3540645
-0.2588597714140597,0.9105254314594523,0.06106087332404808,0.30047020643678085,0.937911118914366,0.03587377196496844,-0.26893565840726424,0.8972269709663455,-0.015054562589747042,0.28501160514241103,0.9280625197216384,0.005683371530008863,0.02046581171452999,0.9242039322853088,0.04816992247414776,0.0004278263725602881,0.0031964421272277833,-0.000688708458760049,0.0015246966007171597,0.016704797744750977,1756596650370807063,1756596650.370807
-0.2563036396776387,0.9106453834789103,0.05438281163073322,0.30302594621570256,0.9380390751684848,0.0425862940735211,-0.26897536391481575,0.8972133795688155,-0.015111222265887167,0.2850330108126412,0.9280236430374909,0.00576069511661359,0.020461348816752434,0.9241835474967957,0.04811256632181572,0.001046153101073349,0.006166112422943115,-0.0015532489077469877,0.0034674554008664177,0.019797801971435547,1756596650390614190,1756596650.3906143
-0.25504931168931533,0.9107006029994257,0.05234077180622432,0.3042797239299473,0.9381055279806335,0.04465054658454237,-0.26897718893481803,0.8972394252768074,-0.015045626231290484,0.28505056957358776,0.9280694290102348,0.005614429804009724,0.020455559715628624,0.924186110496521,0.04809785494265357,0.0017212977116166151,0.009090051067861933,-0.0024812631578474322,0.005451963790640286,0.019994735717773438,1756596650410562626,1756596650.4105625
-0.2536882688668452,0.9107596607303975,0.05075031470027147,0.3056400833511916,0.9381785302376512,0.046266701588444814,-0.26894995836249413,0.8972779314164312,-0.014938320115591543,0.285057715133355,0.9280908758283436,0.005560893302850811,0.020472578704357147,0.9241997003555298,0.048117277117444616,0.002519672541118644,0.01195807275053432,-0.0035435490720613864,0.007561636921106627,0.019995450973510742,1756596650430750747,1756596650.4307506
-0.25234350944851314,0.9108164882471964,0.04208476005341755,0.30698401518853585,0.9382522346994325,0.054976723990990184,-0.2689557420391267,0.8972766038301146,-0.014924747115232674,0.28503276874411543,0.9280650444234524,0.005642775437812997,0.020472608506679535,0.9241924285888672,0.04811384348010794,0.0034395100149223774,0.01352983211216709,-0.004735583756119074,0.011090064506943833,0.02000904083251953,1756596650450726241,1756596650.450726
-0.250996454277403,0.9108719939147666,0.04065833951140574,0.3083300983688408,0.9383275489969117,0.05647141250640875,-0.2689479086058062,0.8972435855967579,-0.01502062589047628,0.28502895029235953,0.9280545886973262,0.0056769166778392055,0.020475292578339577,0.9241882562637329,0.04815381601782584,0.004478003270905986,0.01612266597054618,-0.00605292310723847,0.013762931215179859,0.020046472549438477,1756596650470748015,1756596650.470748
-0.24964960150591098,0.9109260783107384,0.03963972518827186,0.30967583587082737,0.9384043443280911,0.057558187685669004,-0.2689886925598616,0.8972410421373348,-0.015044258688706345,0.2850402791218394,0.9280402254065476,0.005668971770342868,0.020456884056329727,0.9241925477981567,0.048074930681227694,0.005650051134810521,0.018753023979401793,-0.007491757736536275,0.016502726117393136,0.020010709762573242,1756596650490827513,1756596650.4908276
-0.2483026475211813,0.9109787672857473,0.03860640841743779,0.3110215313610592,0.9384826382443491,0.058671056041683656,-0.26897592223023653,0.8972216473788877,-0.015129858178297059,0.28505093715818547,0.9280575493692768,0.005671797128387723,0.020460443571209908,0.9241915345191956,0.04796588018196624,0.006930822279407275,0.021390901830835047,-0.00905916466490596,0.019375813289536734,0.02002239227294922,1756596650510769368,1756596650.5107694
-0.2469556283351979,0.9110300736946483,0.03758425630309503,0.3123671491817384,0.9385624283113497,0.0597828615140501,-0.2689414740519884,0.8972537208142808,-0.015018195663689836,0.2850429437170756,0.9280718059046074,0.005679700227108508,0.02047128975391388,0.9242059588432312,0.047947454884433714,0.008326603605013042,0.023938826152208433,-0.010761164020337746,0.022381670422477035,0.019999265670776367,1756596650530781894,1756596650.530782
-0.2456085405895622,0.9110800113069963,0.03657280952905406,0.313712692908951,0.9386437149351692,0.060894224465636526,-0.26893675778721726,0.897251328534472,-0.015058974393950849,0.28502308672442966,0.9280725499258919,0.005689460773929955,0.020475657656788826,0.9241890907287598,0.04802888359005046,0.009856453170383956,0.02653234122483553,-0.01260080320435528,0.025531699363542243,0.02001476287841797,1756596650550909381,1756596650.5509095
-0.24426138506822925,0.9111285938420538,0.03557135191051053,0.3150581619528551,0.9387264981126523,0.062005790586080245,-0.26894965328260895,0.897220369883388,-0.015100061745660774,0.2850232003363724,0.92804564381098,0.00570014121993756,0.02047302946448326,0.9241816997528076,0.048051959711082656,0.011515235915675087,0.02911447546710705,-0.014559594368100781,0.028820858085612237,0.019931793212890625,1756596650570674493,1756596650.5706744
-0.24291416215271855,0.9111758349401381,0.034580076093315704,0.316403556078715,0.9388107778997811,0.06311732854488428,-0.26898756523878675,0.8972325564401215,-0.01505325201573884,0.2850505127996933,0.9280537790020372,0.005565834249761092,0.02046874538064003,0.924178957939148,0.04806150769100433,0.013321892073670709,0.03164833480626008,-0.016645392708807646,0.032319850170772206,0.02004837989807129,1756596650590730087,1756596650.59073
-0.24156687222601764,0.9112217481916904,0.03359888580003201,0.3177488750084447,0.938896554343768,0.06422889258991304,-0.26896457543567254,0.8972244883202726,-0.015021801111097643,0.28503293799124824,0.9280507487769549,0.005594621811925826,0.020456284284591675,0.9241704344749451,0.04802201773210878,0.01522239111705827,0.034165226309846225,-0.018881333946473223,0.03588580681003331,0.019950151443481445,1756596650610764485,1756596650.6107645
-0.2402195156493654,0.9112663471305735,0.03262775224502912,0.3190941184437158,0.938983827492087,0.06534046978053842,-0.2689469368817968,0.8972337217986834,-0.014984695274555163,0.2850278087193523,0.9280731557171209,0.005586286368358007,0.020470300689339638,0.9241753220558167,0.04798815348099783,0.017259470752260083,0.03666719779657226,-0.021253719744089766,0.03961591092422096,0.02003765106201172,1756596650630737865,1756596650.630738
-0.23887209276143578,0.9113096452353685,0.03166663354769916,0.3204392860675524,0.9390725973913644,0.066452060331875,-0.26892920642343604,0.8972857198593392,-0.01488705593218847,0.28503468188587466,0.9280705042303731,0.0057049077319328845,0.020476603880524635,0.9242047667503357,0.04800272159294402,0.019426852767432917,0.03909367659074345,-0.02375667111212573,0.043435037139413726,0.020029306411743164,1756596650651456913,1756596650.651457
-0.23752460387943236,0.9113516559299085,0.03071549036472776,0.3217843775439407,0.9391628640868542,0.0675636619697455,-0.2689445262815453,0.8972700891114666,-0.014998943406335822,0.28504212186729494,0.9280759277650941,0.005648322431160757,0.020469775423407555,0.9242047071456909,0.047927370810022296,0.02176808352832556,0.04170314193439871,-0.02642477734515151,0.047548247681562836,0.020351648330688477,1756596650675033234,1756596650.6750333
-0.23617704929922367,0.9113923925829995,0.029774283142252056,0.32312939251830675,0.9392546276228072,0.0686752726858928,-0.26894146776303207,0.8972615875127197,-0.015059998062985419,0.2850706440139011,0.9280733619493251,0.005567265530932453,0.020469440147280693,0.9242064356803894,0.047953490767988736,0.024188267199793063,0.04418256159143618,-0.02916360159254048,0.05119510889053345,0.019751548767089844,1756596650695458977,1756596650.6954591
-0.23482942929574882,0.9114318685095181,0.028842972563762892,0.32447433061785397,0.9393478880414466,0.06978689028348306,-0.2689829927950158,0.8972465246150318,-0.01503501537403836,0.28506052656602415,0.9280555400005812,0.0055587749882555215,0.0204569473862648,0.924181342124939,0.048118305989227846,0.026778082977593896,0.04660848055154334,-0.03207249279124528,0.054166209697723386,0.01980733871459961,1756596650710614765,1756596650.7106147
-0.23348174412329833,0.9114700969698203,0.027921519491086677,0.32581919145185034,0.9394426453836392,0.07089851244677803,-0.2689390557949708,0.897241002375881,-0.014930042789469727,0.2850190494964475,0.9280492307124499,0.005662554812313481,0.020467758178710938,0.9241692423820496,0.04809535825176472,0.029468260131178498,0.04900243692977815,-0.03518017996372783,0.05718437433242798,0.020121097564697266,1756596650735071298,1756596650.7350712
-0.23213399401589385,0.9115070911710788,0.027009884957534425,0.3271639746120026,0.9395388996876299,0.0720101367363295,-0.2689299843813629,0.8972451245457265,-0.015001275335646673,0.28501955959174796,0.9280836093763202,0.005615010325403791,0.02047898806631565,0.9241876006126404,0.047984894299880974,0.032303442312892415,0.05146902656515808,-0.038380607970687514,0.06017543077468872,0.01994037628173828,1756596650750886117,1756596650.7508862
-0.23078617918755362,0.9115428642664254,0.02610803018900354,0.32850867967271835,0.9396366509899774,0.07312176057581521,-0.26895509477465473,0.8972434335334185,-0.015196797958056736,0.28503565563284383,0.9280742999358105,0.005634858703124301,0.02047298662364483,0.9242112040519714,0.047932087856064426,0.035305918468549226,0.054031895455324275,-0.041715272932170706,0.0631714940071106,0.0199737548828125,1756596650770677255,1756596650.7706773
-0.22943829983266706,0.9115774293563301,0.02521591659107747,0.32985330619147635,0.9397358993242533,0.0742333812595799,-0.26896094096186657,0.8972659129857239,-0.015016328499541603,0.285070433348175,0.9280651098939591,0.005645818540104486,0.020475851371884346,0.9242052435874939,0.04795964166890286,0.03844269959215757,0.056279334550356344,-0.04518218641311546,0.06617478132247924,0.020021915435791016,1756596650791252932,1756596650.791253
-0.22809035612627113,0.9116107994880951,0.02433350574426152,0.3311978537090991,0.93983664472162,0.07534499596386501,-0.26891369910171087,0.8972305842533317,-0.014918049334383725,0.28506580453596175,0.9280215472293173,0.005799999434803027,0.020491136237978935,0.9241716265678406,0.04787984561237648,0.041660434977236496,0.05859645797282122,-0.048820959274366825,0.0691638708114624,0.019927263259887695,1756596650810755164,1756596650.810755
-0.22674234822439823,0.9116429876568288,0.023460759407171405,0.33254232175009735,0.9399388872099381,0.0764566017319277,-0.26896431886812444,0.8972339385661185,-0.014939177603710121,0.28506973176135564,0.9280242655157619,0.005814354060936555,0.020489592105150223,0.9241549372673035,0.0477874183560464,0.04512919508505867,0.060995419723614504,-0.052620109746187055,0.07218114137649535,0.020115137100219727,1756596650830710060,1756596650.83071
-0.22539427626434877,0.9116740068049901,0.02259763954484395,0.333886709822938,0.9400426268142928,0.07756819546034466,-0.2689713227352163,0.8972267508887388,-0.015028710148769081,0.2850566182036922,0.9280320092245236,0.005881631269143206,0.02049953304231167,0.9241389036178589,0.04772770205228727,0.04867624391570531,0.0634174759862831,-0.05655809720560999,0.0751637578010559,0.019884109497070312,1756596650850716832,1756596650.8507168
-0.22404614036504544,0.9117038698236172,0.021744108277633956,0.3352310174203954,0.9401478635558466,0.07867977393597902,-0.2689279476366324,0.8972493956813862,-0.015011920520906503,0.2850913723235915,0.92805349870917,0.005810955114271543,0.02052154578268528,0.9241505265235901,0.04767986265931822,0.05234127595031448,0.06573543566132126,-0.060621626740959604,0.07817938327789306,0.020104169845581055,1756596650870690780,1756596650.8706908
-0.22269794062728462,0.9117325895515747,0.02090012792350482,0.33657524401979844,0.9402545974526639,0.07979133380503889,-0.2689482191451261,0.8972587537861377,-0.01520149535481828,0.2851335959460991,0.9280300060078711,0.00587545469803219,0.020520197227597237,0.9241653680801392,0.047817572522771606,0.05620293943577847,0.06823887991264466,-0.06481405019686395,0.08117905855178832,0.019997835159301758,1756596650890761823,1756596650.8907616
-0.22134967713409004,0.9117601787768921,0.020065660973864308,0.33791938908338054,0.9403628285184544,0.08090287158637999,-0.2689571518364907,0.8972463256409469,-0.015023703438007503,0.2851351349567022,0.9280069502130968,0.0059318103849048676,0.020519614219665527,0.9241484999656677,0.047740377372303425,0.060198334115423593,0.07037282391139565,-0.06919333647882356,0.08416954278945922,0.019936561584472656,1756596650910638180,1756596650.910638
-0.22000134995096984,0.9117866502362394,0.019240670113263914,0.33926345205853303,0.9404725567631659,0.08201438366232106,-0.2689181625501963,0.8972383114789282,-0.014922197548807714,0.28512570973146667,0.9280042619265567,0.005986900643708104,0.020531674847006798,0.9241437315940857,0.047645546770882265,0.06430704924772337,0.07258042789514427,-0.0737639757318565,0.08718606233596801,0.020110130310058594,1756596650933984930,1756596650.933985
-0.21865295912624041,0.9118120166157933,0.018425118202318735,0.34060743237812513,0.9405837821922012,0.08312586628899865,-0.26891928071159044,0.8972825586636193,-0.014823094820058176,0.28511735435882085,0.9280275660847225,0.005963699911644582,0.020533889532089233,0.924164354801178,0.047545207495718174,0.06858462186589782,0.07467924389520912,-0.07845720898215358,0.09017060995101929,0.019896984100341797,1756596650953620293,1756596650.9536202
-0.21730450469129128,0.9118362905509899,0.01761896828897358,0.341951329460765,0.9406965048067394,0.08423731558163983,-0.26870609078407964,0.8974011318397108,-0.01401582795422347,0.28510128317039185,0.928031281728667,0.005923793427870194,0.02058432437479496,0.9241904020309448,0.04724693423077465,0.07277773483624089,0.07586859881365726,-0.08333802150138382,0.09317697286605835,0.02004241943359375,1756596650973554368,1756596650.9735544
-0.21595598666091215,0.9118594846275566,0.016822183589275674,0.34329514271112327,0.9408107246027783,0.08534872754677902,-0.26849777281820353,0.8975307769317326,-0.012918661258890555,0.28514275210689477,0.9279912848050067,0.006065901148002872,0.020701497793197632,0.9243241548538208,0.04622390743787091,0.07711404246620583,0.07659666916073729,-0.08830171756689885,0.09617961645126342,0.020017623901367188,1756596650990834099,1756596650.9908342
-0.21460740503353276,0.911881611380892,0.016034727512324487,0.3446388715201689,0.9409264415718338,0.08646009803987198,-0.2683643936940112,0.8975936078578662,-0.012022355713182171,0.2852799478516328,0.9279439426505405,0.006411891026937511,0.02076598070561886,0.9245299100875854,0.04498489117102908,0.08167672179756559,0.07752016290880942,-0.09328861770884028,0.099178147315979,0.019990205764770508,1756596651010670840,1756596651.010671
-0.21325875979155975,0.9119026832973912,0.015256563658412325,0.34598251526550233,0.9410436556996887,0.08757142278182428,-0.26819286431350803,0.8977351868957968,-0.011015626885593358,0.28565988997306435,0.9278130516930669,0.007850520379750314,0.021026302129030228,0.9246650338172913,0.04400338117701066,0.08633857688040879,0.07810753869769864,-0.09810740222113794,0.10218189954757691,0.020025014877319336,1756596651030709251,1756596651.0307093
-0.21191005090160087,0.9119227128136415,0.01448765578994271,0.34732607331157617,0.9411623669672738,0.08868269737965706,-0.268028591792681,0.8977588947746162,-0.0106386318824206,0.28604847178183185,0.9277506206753401,0.008633421521915263,0.021421901881694794,0.9247038960456848,0.04254812694293953,0.09112793223929337,0.07953481731067062,-0.10301877233365705,0.10517685413360596,0.01996636390686035,1756596651053730261,1756596651.0537302
-0.2105612783147914,0.9119417123176372,0.013727967861486334,0.34866954501001757,0.94128257534953,0.08979391730041808,-0.26774053157458644,0.8978794834652802,-0.009749859805407662,0.2865843763865379,0.927621404578036,0.009410399342763665,0.021785328164696693,0.9245325326919556,0.041394842943042784,0.09588967438577772,0.08008881237963776,-0.10783631050818007,0.10817070007324218,0.019958972930908203,1756596651073662392,1756596651.0736625
-0.20921244196703903,0.9119596941484854,0.012977464007609019,0.35001292969986975,0.9414042808157791,0.0909050778766054,-0.2673528002595115,0.8980545601417789,-0.008723914825026814,0.2872376213100222,0.9274433309729183,0.010338698748729058,0.022404149174690247,0.9243694543838501,0.03931756867050462,0.10066235013766923,0.08028734022748275,-0.11118721961975098,0.11118721961975098,0.020110130310058594,1756596651091064738,1756596651.091065
-0.20786354177931982,0.9119766705971287,0.012236108530987,0.3513562267078837,0.9415274833290747,0.09201617432944564,-0.2668585110340721,0.8982118418955715,-0.007945721393856211,0.28792113117616214,0.9272848324625502,0.011141442715346894,0.0230402909219265,0.924293041229248,0.03585452895889441,0.10535634359970494,0.08070213981731192,-0.11417233943939209,0.11417233943939209,0.019900798797607422,1756596651110622099,1756596651.1106222
-0.20651457765792075,0.9119926539061112,0.011503865931714152,0.3526994353487575,0.9416521828465159,0.09312720172373723,-0.26622418364566414,0.8983219476232244,-0.007195721387608192,0.2886446402018373,0.9271404374974506,0.011410459296498754,0.023604819551110268,0.9243799448013306,0.0337284735302037,0.1099602579317462,0.08112845820644266,-0.11717419624328612,0.11717419624328612,0.020012378692626953,1756596651130688858,1756596651.1306887
-0.20516554949473914,0.9120076562704625,0.010780700887253136,0.35404255492543185,0.941778379318437,0.09423815500423949,-0.265580571529084,0.8984446608914584,-0.006791376755143608,0.28955237051013955,0.9269182592578763,0.012420010786414082,0.0244726724922657,0.9244896769523621,0.03342029614980268,0.11463333003560787,0.08194536545339616,-0.12016621828079223,0.12016621828079223,0.019946813583374023,1756596651150782020,1756596651.1507819
-0.203816457167516,0.9120216898373873,0.01006657823342838,0.3553855847293198,0.9419060726887946,0.09534902900548348,-0.2648245836274393,0.8985421044630016,-0.006123466162165756,0.2904789587694744,0.9267133625008945,0.013825781569318796,0.025428660213947296,0.9245513081550598,0.032842354085359265,0.1192489470636976,0.08233482693038134,-0.1231766939163208,0.1231766939163208,0.02006983757019043,1756596651170668910,1756596651.1706688
-0.20246730054012607,0.9120347667070566,0.009361463009869286,0.35672852404059274,0.9420352628944545,0.09645981840448625,-0.26397353611738394,0.8986953442253278,-0.005302267983559548,0.2913689080377121,0.9265108467123377,0.015020512497356364,0.026261433959007263,0.9243809580802917,0.03020927639497415,0.12377910421790633,0.0822875400386982,-0.12616900205612183,0.12616900205612183,0.019948720932006836,1756596651190626829,1756596651.1906269
-0.2011180794628184,0.9120468989325331,0.00866532041440049,0.3580713721284174,0.9421659498653404,0.09757051777036718,-0.26310716667833384,0.8987759571810411,-0.004884934130969512,0.29230838411608784,0.926311990022572,0.016016570878476077,0.027174606919288635,0.9242212176322937,0.026637068089776447,0.12836621051675323,0.08289595384060028,-0.12917014360427856,0.12917014360427856,0.020007610321044922,1756596651210627281,1756596651.2106273
-0.19976879377248663,0.9120580985202824,0.007978115827582233,0.359414128251223,0.9422981335239984,0.09868112154043773,-0.2620764130716179,0.8988706983482997,-0.0041073050310069395,0.29325239243064843,0.926053097154173,0.017154205117521304,0.028203416615724564,0.9240030646324158,0.02431520150126964,0.13217518329620362,0.08281520080846366,-0.13217518329620362,0.13217518329620362,0.020033597946166992,1756596651232100513,1756596651.2321007
-0.19841944329291172,0.91206837743022,0.007299814815375338,0.3607567916569393,0.9424318137856308,0.0997916240141099,-0.2610162334890029,0.8989814815660461,-0.003585736195295777,0.2941575401745151,0.9258332492835711,0.018313268581091613,0.029148941859602928,0.9239302277565002,0.023662711861263258,0.13518966436386107,0.08304166485045762,-0.13518966436386107,0.13518966436386107,0.020096540451049805,1756596651261706792,1756596651.2617068
-0.19707002783503125,0.9120777475762935,0.006630383103935156,0.36209936158326284,0.9425669905575834,0.10090201937878618,-0.26047583715124456,0.8990359456470838,-0.003362949792757774,0.29466948947295596,0.9257580867253762,0.018517684525454214,0.030150165781378746,0.923927366733551,0.02321993770937726,0.1382322907447815,0.0838155234774246,-0.1382322907447815,0.1382322907447815,0.020284175872802734,1756596651277629512,1756596651.2776294
-0.19572054719716928,0.9120862208263766,0.005969786600358962,0.3634418372578829,0.9427036637395326,0.10201230169060782,-0.25879488251788096,0.8992547795703327,-0.0021242987303285777,0.296256015647812,0.9255916165572454,0.01964022520289177,0.031320177018642426,0.9240726828575134,0.02214602000978981,0.14117739200592042,0.08238524866884088,-0.14117739200592042,0.14117739200592042,0.019634008407592773,1756596651296101414,1756596651.2961013
-0.1943710011653062,0.9120938090029468,0.005317991391926569,0.3647842178987478,0.9428418332228835,0.10312246487416221,-0.25771114066700923,0.8994621681768192,-0.0008473744588630133,0.29766935111713644,0.9252643220103433,0.021251368142095384,0.032485686242580414,0.9242475628852844,0.0204731101641725,0.14417906999588012,0.08078407269185982,-0.14417906999588012,0.14417906999588012,0.020011186599731445,1756596651310698930,1756596651.310699
-0.19302138951330214,0.9121005238829418,0.004674963719717429,0.36612650271428426,0.9429814988909866,0.1042325027455826,-0.2565447259623772,0.8996347982613523,9.661402552762635e-05,0.2992959987030882,0.9249437085476965,0.023042470561414063,0.033765994012355804,0.9244212508201599,0.01731523908546181,0.1471739172935486,0.07968335332282991,-0.1471739172935486,0.1471739172935486,0.019965648651123047,1756596651330805488,1756596651.3308055
-0.19167171200316513,0.912106377198481,0.004040670021544734,0.3674686909036622,0.9431226606184984,0.1053424089758832,-0.25529618310874747,0.8997545930667981,0.0009976258073937847,0.3020282714687258,0.9245044528514195,0.025216585375675837,0.035201042890548706,0.9243417978286743,0.013853923456425365,0.15018346309661865,0.07863059333382812,-0.15018346309661865,0.15018346309661865,0.02006363868713379,1756596651350623597,1756596651.3506234
-0.1903219683852645,0.9121113806366203,0.0034150768844734003,0.3688107816570041,0.9432653182716937,0.10645217713348121,-0.25396967913628277,0.89988240285006,0.0017168014382773738,0.30346041998483064,0.9244126914118163,0.026275051603230182,0.03669627383351326,0.9240582585334778,0.012687825864307587,0.1531764507293701,0.07777466338912846,-0.1531764507293701,0.1531764507293701,0.019953250885009766,1756596651370519534,1756596651.3705196
-0.18897215839859782,0.9121155458401341,0.002798151083823086,0.37015277415564884,0.94340947170777,0.10756180064742704,-0.2526461483343819,0.9000159958860559,0.0027021771656584536,0.3049143543626577,0.9242650874847421,0.027475322291894866,0.03811763972043991,0.923638641834259,0.014657263486685666,0.15617355108261108,0.07627683930603638,-0.15617355108261108,0.15617355108261108,0.019980669021606445,1756596651390530931,1756596651.3905308
-0.18762228177100138,0.91211888440729,0.002189859548900497,0.3714946675723578,0.9435551207751434,0.1086712728383139,-0.2513954276024297,0.9001383822927054,0.003512487493043675,0.30655406826581155,0.9240173826133842,0.029281200516778405,0.03943716734647751,0.9233455657958984,0.01739335158175591,0.1591755509376526,0.07501263730603427,-0.1591755509376526,0.1591755509376526,0.02001333236694336,1756596651410481527,1756596651.4104815
-0.18627233821941422,0.9121214078926412,0.0015901693825557395,0.3728364610715752,0.9437022653127325,0.10978058690262138,-0.2501055102504132,0.9003484074315635,0.004742196249091832,0.3082742021412163,0.9236545762132125,0.03126851199535885,0.040877312421798706,0.9234017729759216,0.01556188974022254,0.1621943950653076,0.07261287598140188,-0.1621943950653076,0.1621943950653076,0.020125627517700195,1756596651434360366,1756596651.4343603
-0.18492232745007314,0.91212312780662,0.0009990478576495931,0.37417815380962033,0.9438509051504427,0.11088973591367912,-0.24871532069560176,0.900547022723329,0.006244105956376974,0.30973644400977673,0.9232795231477858,0.03326904723070756,0.04241166263818741,0.923664927482605,0.008430059213535339,0.1651782989501953,0.06948136860915571,-0.1651782989501953,0.1651782989501953,0.01989269256591797,1756596651450676819,1756596651.4506767
-0.18357224915878995,0.9121240556166146,0.00041646241484061264,0.3755197449349599,0.9440010401081638,0.11199871282208518,-0.24728073501844922,0.9007906546134156,0.00831383537337896,0.31125403112318456,0.9228623501784022,0.03538420578102963,0.04400380328297615,0.9237072467803955,0.0005880911860376691,0.16816399097442628,0.06486434822923949,-0.16816399097442628,0.16816399097442628,0.019904613494873047,1756596651470590303,1756596651.47059
-0.18222210303112535,0.9121242027462705,-0.00015761935212887934,0.3768612335883789,0.9441526699965478,0.11310751047767065,-0.24580110237589176,0.9009292894523273,0.009786948529308842,0.31287681061576067,0.9225307718990902,0.03719191114248144,0.045621976256370544,0.9233548641204834,-0.004394617093603386,0.17117543220520018,0.06149025523165812,-0.17117543220520018,0.17117543220520018,0.020076274871826172,1756596651490545878,1756596651.490546
-0.1808718887426728,0.9121235805767488,-0.0007232296696342289,0.3782026189032609,0.9443057946158243,0.11421612159188044,-0.2441420718953047,0.9010776802272745,0.010596430528112214,0.31459232968369855,0.9220032552187443,0.04013019173613408,0.04704946652054787,0.9226452112197876,-0.0045461027975031865,0.17417932748794554,0.059352156441179964,-0.17417932748794554,0.17417932748794554,0.020025968551635742,1756596651510504645,1756596651.5105047
-0.17952160595922972,0.9121222004460485,-0.0012804006132127732,0.3795439000057549,0.9444604137565551,0.1153245387748929,-0.24246289001573623,0.901238239505475,0.0113870212032407,0.3166114513153092,0.9210965581653359,0.04541080273754439,0.04878149926662445,0.9218806624412537,-0.002870647705655768,0.1771795392036438,0.057098881013064054,-0.1771795392036438,0.1771795392036438,0.02000141143798828,1756596651530585169,1756596651.530585
-0.17817125433706654,0.9121200736500682,-0.0018291640932779352,0.3808850760150411,0.9446165271986487,0.11643275451954427,-0.2407619641211834,0.9013531824501492,0.012303014864200571,0.3183049101829865,0.9201890215194417,0.04994830458524557,0.050774507224559784,0.9214469790458679,-0.00421212361949944,0.18016501665115356,0.05452490035744439,-0.18016501665115356,0.18016501665115356,0.019903182983398438,1756596651550648932,1756596651.550649
-0.1768208335231018,0.912117211442068,-0.0023695518494459833,0.3822261460435025,0.9447741347119761,0.11754076119145207,-0.23898196279980907,0.9015245398062657,0.013521192981764022,0.32049363707591516,0.919511268945381,0.055240235822222594,0.052614036947488785,0.9214823842048645,-0.010454194436686238,0.18317148685455323,0.051003282844495706,-0.18317148685455323,0.18317148685455323,0.020043134689331055,1756596651570554073,1756596651.570554
-0.1754703431551699,0.9121136250337654,-0.0029015954890141415,0.3835671091969887,0.9449332360553482,0.11864855107143413,-0.2372267840812597,0.9017770680611237,0.014506006283447139,0.32378850050084496,0.9175283136013962,0.07177935456794193,0.05431689694523811,0.9217726588249207,-0.01748335145264477,0.1861700177192688,0.047669195629751346,-0.1861700177192688,0.1861700177192688,0.019990205764770508,1756596651590704394,1756596651.5907044
-0.1741197828621856,0.912109325594681,-0.003425326420068764,0.3849079645749764,0.9450938309772483,0.11975611629008043,-0.23536096203715912,0.9021761428404947,0.016234223428857573,0.32556656292209374,0.9171063507775611,0.07575944484615738,0.055943410843610764,0.9217844009399414,-0.01825154733988629,0.18916922807693481,0.04208896166408088,-0.18916922807693481,0.18916922807693481,0.019994735717773438,1756596651610463782,1756596651.6104639
-0.17276915226440762,0.9121043242532205,-0.003940775933008567,0.38624871127082994,0.9452559192148282,0.12086344890266743,-0.2320869729333311,0.9035432601401693,0.030600994013756683,0.3258280474951352,0.9186196479244438,0.06618284146218478,0.05796514078974724,0.9212859272956848,-0.01645566532212854,0.19217015504837034,0.0037553488738893736,-0.19217015504837034,0.19217015504837034,0.020006179809570312,1756596651630605241,1756596651.6306052
-0.17141845097360958,0.912098632096195,-0.0044479751380159804,0.3875893483719681,0.9454195004944583,0.12197054083136649,-0.23017609356389357,0.9037053679808469,0.03158344448119397,0.3281455808078084,0.9182939870235398,0.06995342976591834,0.060162462294101715,0.9206182956695557,-0.01572975597045807,0.19516546726226805,-0.0008184387130960501,-0.19516546726226805,0.19516546726226805,0.019968748092651367,1756596651650688995,1756596651.6506891
-0.17006767859332284,0.9120922601696054,-0.004946955002967712,0.38892987496010345,0.9455845745310277,0.12307738390465106,-0.22829120015152263,0.9037224849442013,0.031856586116843014,0.33006289067809336,0.9179058594346858,0.07392183403210018,0.06208989769220352,0.9197465181350708,-0.020347046866144348,0.19816607236862183,-0.003468821192087741,-0.19816607236862183,0.19816607236862183,0.0200040340423584,1756596651670469283,1756596651.6704693
-0.1687168347190307,0.9120852194786137,-0.005437746327792592,0.3902702901114325,0.9457511410280407,0.12418396982257196,-0.22627062920428362,0.9038719604512626,0.032437598263331736,0.33205255068899586,0.9175610333381463,0.07735563863110961,0.06381387263536453,0.919169545173645,-0.02658125413617079,0.20117129087448118,-0.0072801485073730925,-0.20117129087448118,0.20117129087448118,0.0200347900390625,1756596651690615828,1756596651.690616
-0.16736591893837247,0.9120775209877291,-0.005920379782704099,0.39161059289683653,0.9459191996775119,0.12529029020954452,-0.2239988965665374,0.9039851528729493,0.033019797659393696,0.33407310855382855,0.9173369851686867,0.08012116886330656,0.06579149514436722,0.9188874363899231,-0.029837631313998157,0.20416921377182007,-0.011110729772222916,-0.20416921377182007,0.20416921377182007,0.01998615264892578,1756596651710459907,1756596651.71046
-0.16601493083135677,0.9120691756211666,-0.006394885864289268,0.392950782382091,0.9460887501596834,0.12639633655477356,-0.22173248619787755,0.9042201745414951,0.03431479183435363,0.33613167134821964,0.9169045809065491,0.08304793347533757,0.0681549459695816,0.9186733961105347,-0.025952892773971913,0.20717475414276124,-0.017203702175477432,-0.20717475414276124,0.20717475414276124,0.020036935806274414,1756596651730670750,1756596651.730671
-0.16466386997056986,0.9120601942631464,-0.006861294928420136,0.39429085762807026,0.946259792142801,0.12750210025489084,-0.2195324632165415,0.9041935755160196,0.034449021290706795,0.3381830032163613,0.9163459954370274,0.08653432135745565,0.07042719423770905,0.9187383651733398,-0.01711806409248278,0.2101691722869873,-0.01981698598069287,-0.2101691722869873,0.2101691722869873,0.019962787628173828,1756596651750513735,1756596651.7505136
-0.16331273592135837,0.9120505877577993,-0.007319637190392303,0.39563081769092606,0.9464323252832847,0.12860757261307976,-0.21731359591333704,0.9042296821839321,0.03445740046222519,0.340407335838355,0.9157592798790087,0.09041269046012745,0.072572261095047,0.9190663695335388,-0.007418272937195126,0.21317564249038695,-0.022322010445504005,-0.21317564249038695,0.21317564249038695,0.020043134689331055,1756596651770753402,1756596651.7707534
-0.16196152824205498,0.9120403669098138,-0.007769942705010635,0.39697066162231065,0.9466063492251593,0.12971274481261386,-0.2150640502092832,0.9043765653884002,0.035319718144060215,0.3426373673146499,0.9152950187214676,0.09410044577238219,0.07458169013261795,0.9196107387542725,-0.0012753303524420483,0.21621179580688477,-0.027473469419619857,-0.21621179580688477,0.21621179580688477,0.02024102210998535,1756596651794076135,1756596651.7940762
-0.16061024648415162,0.9120295424842304,-0.008212241388906527,0.3983103884695449,0.9467818636003336,0.13081760794792663,-0.2126523687250665,0.9045062238503286,0.036252845100205815,0.34511498656400047,0.9148658716713466,0.09886541217648404,0.07688180357217789,0.9198096394538879,0.0015044312197261347,0.21918225288391113,-0.0328797442021571,-0.21918225288391113,0.21918225288391113,0.01980304718017578,1756596651810634475,1756596651.8106346
-0.15925889019252598,0.9120181252071488,-0.008646563013176678,0.3996499972758423,0.9469588680279718,0.13192215301313848,-0.21016263040602806,0.9046526013020864,0.037683305981133806,0.34748148930923295,0.9147363262416421,0.10299195591374666,0.0796542838215828,0.9192847609519958,0.0019691225746415694,0.22217345237731934,-0.03986111060085263,-0.22217345237731934,0.22217345237731934,0.019941329956054688,1756596651830883799,1756596651.8308837
-0.15790745890559987,0.9120061257653448,-0.009072937202263542,0.400989487080463,0.9471373621149518,0.13302637089337477,-0.20769032280030325,0.9047864946327061,0.03812858900367506,0.348617360807142,0.9166983648866952,0.10035542708917378,0.08205793797969818,0.9183765649795532,-0.0003984476263393766,0.22518417835235593,-0.0442838579751331,-0.22518417835235593,0.22518417835235593,0.02007150650024414,1756596651852516754,1756596651.852517
-0.15655595215557228,0.9119935548071167,-0.009491393445308027,0.4023288569189433,0.9473173454550967,0.13413025239325638,-0.20518101243341888,0.9048944020933589,0.03757447560577985,0.3507351207847891,0.9157751054726117,0.10582695705978518,0.08439280092716217,0.9172020554542542,-0.0029748340018234372,0.22818782329559326,-0.0459175427436735,-0.22818782329559326,0.22818782329559326,0.02002429962158203,1756596651870946072,1756596651.870946
-0.15520436946857574,0.9119804229419297,-0.009901961083457866,0.4036681058232484,0.9474988176296035,0.13523378820687926,-0.20260874729729791,0.9050952185728074,0.03768142859483737,0.3532793474303173,0.9154122539540872,0.10978693379386328,0.08693771809339523,0.9161276817321777,-0.006093544601692968,0.23118045330047607,-0.04968875438179561,-0.23118045330047607,0.23118045330047607,0.01995086669921875,1756596651890661039,1756596651.890661
-0.1538527103649002,0.9119667407411504,-0.010304669334969763,0.40500723282199225,0.9476817782063888,0.13633696895181924,-0.19993735143585903,0.905027165535145,0.037841003842154455,0.35565968971723655,0.9140271430909243,0.11624493055342544,0.0893603265285492,0.9153534770011902,-0.011544595119637945,0.23238879582556657,-0.05294606578349618,-0.23417927026748656,0.23417927026748656,0.01999211311340332,1756596651910542870,1756596651.910543
-0.15250097435914978,0.9119525187377574,-0.010699547246761032,0.40634623694059124,0.9478662267404497,0.13743978511894195,-0.1971762488842338,0.9052466286533549,0.038444538609092034,0.35794816280612485,0.9127845119361409,0.12022717535532257,0.0917416661977768,0.914743185043335,-0.01712415342965596,0.23194728299741277,-0.058354083207979225,-0.23717483282089233,0.23717483282089233,0.019970417022705078,1756596651931140077,1756596651.9311402
-0.15114916096045772,0.9119377674269715,-0.01108662376678815,0.4076851172014747,0.9480521627733149,0.13854222714625086,-0.194557353830577,0.9052352849329621,0.03791698526237429,0.36039204110562373,0.9118796421164062,0.12288985159766952,0.09438475221395493,0.9143567085266113,-0.024087237239391362,0.23187899983402527,-0.05992530102396756,-0.2401898145675659,0.2401898145675659,0.020099878311157227,1756596651950753292,1756596651.9507532
-0.149797269672649,0.9119224972661045,-0.011465927689370048,0.40902387262424444,0.9482395858332683,0.13964428535764117,-0.19187976971178147,0.9054209435323831,0.037801120170207585,0.362997835304274,0.910970682653288,0.12659191785876356,0.09693802893161774,0.9139296412467957,-0.02582398548271896,0.23146598246830932,-0.06326610127761781,-0.24318069219589233,0.24318069219589233,0.019939184188842773,1756596651970519308,1756596651.9705193
-0.14844529999444556,0.9119067186750835,-0.01183748767486037,0.4103625022258759,0.9484284954349038,0.14074594999225676,-0.1892302163077977,0.9056122600489193,0.03871382917694987,0.36553286173509925,0.909654978066397,0.13222104241646493,0.0992850735783577,0.9135918021202087,-0.022503190833726046,0.23105690453601485,-0.06980065340754352,-0.24618043899536132,0.24618043899536132,0.01999831199645996,1756596651990612824,1756596651.9906127
-0.14709325141963636,0.9118904420364539,-0.012201332254000885,0.4117010050208847,0.948618891079195,0.14184721119973798,-0.18646806514114497,0.9059515392517159,0.040308258244402304,0.36821850980164667,0.9087919195489477,0.1368821217128815,0.10193123668432236,0.9131797552108765,-0.022011013124466922,0.23014864285980166,-0.0790017191024849,-0.24918007850646973,0.24918007850646973,0.019997596740722656,1756596652010486124,1756596652.0104861
-0.1457411234372572,0.9118736776955553,-0.012557489830389734,0.4130393800215025,0.9488107722533982,0.14294805904824592,-0.18377796523032114,0.9061545759646856,0.04051040000341236,0.3723759531578824,0.9067791814477227,0.14624706070097648,0.10490644723176956,0.9130887985229492,-0.030668337209779586,0.2293463361551513,-0.08374237013082925,-0.25217185020446775,0.25217185020446775,0.019945144653320312,1756596652032579727,1756596652.03258
-0.14438891553177638,0.9118564359608111,-0.012905988667787582,0.41437762623785945,0.9490041384308406,0.14404848350862354,-0.18086006527580636,0.906135597685197,0.03947814296439539,0.3752527726010723,0.9061321543927726,0.15116406850602226,0.10787918418645859,0.9129757285118103,-0.04328488250769731,0.22767289954355988,-0.08403827838357841,-0.25517778396606444,0.25517778396606444,0.02003955841064453,1756596652051194007,1756596652.0511942
-0.14303662718327886,0.911838727104009,-0.013246856918656125,0.4157157426781646,0.9491989890707125,0.14514847448745627,-0.17765458580940696,0.9061174675900279,0.03882415158481679,0.37805138193324106,0.905256223065154,0.15517176528950483,0.11070822179317474,0.9120649695396423,-0.050698374527211355,0.22487071208204032,-0.08544603384265956,-0.2581904411315918,0.2581904411315918,0.020084381103515625,1756596652075696340,1756596652.0756965
-0.14168425786762473,0.9118205613602034,-0.01358012260196828,0.4170537283488594,0.9493953236182414,0.14624802179595475,-0.17442659014549255,0.9061936394651823,0.039290703389346926,0.3814647307799669,0.9046397053802268,0.158219914505493,0.11365597695112228,0.9108226895332336,-0.04996002264353071,0.2217905901072015,-0.0906677083691625,-0.26117845773696896,0.26117845773696896,0.01992011070251465,1756596652093193416,1756596652.0931935
-0.1403318070566418,0.9118019489281854,-0.013905813593031002,0.418391582254809,0.9495931415043004,0.14734711514788223,-0.17119440532563462,0.9064010910357659,0.03955590106985664,0.3843779270020291,0.9041083327938068,0.15985628972606136,0.11562694609165192,0.9099255204200745,-0.04326662434567025,0.21850775136533904,-0.09576175674013739,-0.2641799211502075,0.2641799211502075,0.020009756088256836,1756596652111636512,1756596652.1116364
-0.1389792742182917,0.9117828999705291,-0.014223957671465559,0.41972930339946224,0.9497924421454385,0.14844574420735723,-0.16795487862882316,0.9063310527437328,0.03881823319944696,0.3864769643873436,0.9032266274726637,0.16309701734596915,0.11868584156036377,0.9090678691864014,-0.04240612204623138,0.21507642081273548,-0.09685304947850547,-0.26721664667129513,0.26721664667129513,0.020244836807250977,1756596652135369084,1756596652.135369
-0.1376266588168416,0.9117634246137779,-0.01453458248212991,0.4210668907850213,0.9499932249437667,0.1495438985416011,-0.16491660805075578,0.9063937444512418,0.03819858523160354,0.3898202466932199,0.9025015843565317,0.16797127203406914,0.12179189175367355,0.9088617563247681,-0.04778626620795169,0.21213125602360555,-0.09870318037307856,-0.2682843363432884,0.2702101707458496,0.01995682716369629,1756596652152527448,1756596652.1525273
-0.13627396031303893,0.911743532948675,-0.014837715551111241,0.4224043434126117,0.9501954892868084,0.1506415676457733,-0.1616863724764205,0.9065104396657845,0.03802313579704348,0.39303993729802056,0.9017968341538027,0.17311044266628617,0.12502232193946838,0.908866822719574,-0.05056535916040434,0.20828905603204306,-0.10213675978911523,-0.2666890404349401,0.2731771945953369,0.01978015899658203,1756596652170532974,1756596652.170533
-0.1349211781642879,0.911723235030442,-0.015133384277648432,0.4237416602824558,0.9503992345472944,0.15173874093156892,-0.1581415774553905,0.9066500273834549,0.037905081105767395,0.3960327422694524,0.9016442590414038,0.17585736112643646,0.1285887360572815,0.9085425734519958,-0.049567511267740935,0.2031267540010907,-0.10587304907376939,-0.26513043906198125,0.27618345022201535,0.020041704177856445,1756596652190735821,1756596652.1907358
-0.13356831182479212,0.9117025408785832,-0.015421615947766032,0.4250788403940116,0.9506044600834339,0.15283540774072257,-0.15478535634389617,0.9065097116927355,0.03616590814237003,0.3990260099532062,0.9013120414615233,0.18053513701056323,0.13183362782001495,0.9085937738418579,-0.042680264568828244,0.1984451774566237,-0.10328133622306274,-0.263870766456084,0.2791692495346069,0.01990532875061035,1756596652210551334,1756596652.2105513
-0.13221536074575985,0.9116814604776142,-0.015702437741643926,0.426415882746174,0.9508111652382658,0.15393155734671637,-0.15164459387867954,0.9066203966278739,0.035381357817349336,0.4023617457170251,0.9018776194076331,0.18488018245894855,0.13458164036273956,0.9086724519729614,-0.03340505279440343,0.19437824337778276,-0.10467095703283102,-0.26053293484597706,0.28218008279800416,0.020072221755981445,1756596652230668219,1756596652.2306683
-0.13086232437552675,0.9116600037766166,-0.015975876702273073,0.4277527863373938,0.9510193493401756,0.15502717893706652,-0.14854373329499768,0.9070419974009325,0.03520631040895028,0.4053053753653831,0.9020709209821502,0.18772035390094644,0.1377447098493576,0.9092865586280823,-0.028213240576145382,0.1902454930472178,-0.1091677562229785,-0.2585335456491356,0.2851853013038635,0.0200347900390625,1756596652250794814,1756596652.2507946
-0.12950920215976594,0.911638180690075,-0.016241959788402482,0.4290895501658851,0.9512290117021408,0.15612226164917864,-0.1450310924893308,0.9072531682937549,0.03448317686556832,0.4081775157452157,0.9024632750306872,0.18819401399123503,0.14160308241844177,0.909701406955719,-0.028656487186536753,0.18434660612225207,-0.11106166415772903,-0.2560985897107312,0.288176965713501,0.019944429397583008,1756596652270620824,1756596652.2706208
-0.12815599354161072,0.9116160010974483,-0.016500713810507772,0.4304261732297424,0.9514401516222268,0.15721679452415804,-0.14151087773661866,0.9071345019283259,0.033755722653127714,0.41182885545437736,0.902159243893889,0.1915878557028381,0.14529024064540863,0.9101836681365967,-0.03094847743884055,0.17824375451463326,-0.11180866827177001,-0.25150381924320286,0.29118010997772215,0.02002096176147461,1756596652292264803,1756596652.2922647
-0.12680269796183402,0.9115934748436191,-0.016752165503411298,0.4317626545271185,0.951652768383224,0.15831076656230003,-0.13841434968048028,0.9070563656589915,0.03432687014853798,0.4160812302716502,0.9010226397004831,0.1993721002851463,0.14859165251255035,0.9101094007492065,-0.02885578569129871,0.1736209222683456,-0.11728563466745141,-0.24584549440725145,0.28168622418161454,0.020197629928588867,1756596652312822014,1756596652.312822
-0.12544931485901512,0.911570611739129,-0.01699634145917761,0.4330989930563859,0.9518668612524813,0.15940416666797175,-0.1350150263866299,0.9071949582815668,0.03431434665178247,0.4204283704516868,0.9004895845674284,0.20492457250191842,0.15225639939308167,0.9096971750259399,-0.026011945861783847,0.16753038589912805,-0.12144958782495902,-0.23868907697836866,0.27333173899685753,0.01984572410583496,1756596652334592045,1756596652.334592
-0.12409584366968668,0.9115474215601757,-0.01723326819632831,0.43443518781628054,0.9520824294819895,0.16049698371403753,-0.13179569476254063,0.9074258592336203,0.0336016167724905,0.424569792542842,0.900308389262113,0.20885570237806172,0.15652026236057281,0.9089441299438477,-0.02755834542087673,0.16184570238234836,-0.12354382184719018,-0.23142469742869734,0.2690738459655965,0.020911693572998047,1756596652357204736,1756596652.3572047
-0.12274228382849349,0.9115239140487967,-0.017462972105245722,0.4357712378060578,0.9522994723082694,0.1615892064856137,-0.1284818341331742,0.9076778286481053,0.03325178622188956,0.4295212304552717,0.8996902341156838,0.2156416931112486,0.16079211235046387,0.9083845019340515,-0.03557438132901504,0.15412789786794118,-0.12564514630689713,-0.21951837543732453,0.2540680462352103,0.019079208374023438,1756596652372067871,1756596652.372068
-0.12138863476836306,0.9115000989132123,-0.017685479469408794,0.4371071420256578,0.9525179889521109,0.1626808237058226,-0.12528253252515162,0.9075878420363853,0.032670044202367944,0.4336908562489382,0.8996353972577809,0.22012500400546164,0.16454589366912842,0.9080793261528015,-0.04640638768139434,0.14685907513213967,-0.1257917082909634,-0.20977345200759412,0.24475944923627072,0.019951581954956055,1756596652390907081,1756596652.390907
-0.12003489592063454,0.9114759858276256,-0.017900816471978054,0.438442899475832,0.9527379786188435,0.16377182403793,-0.12203931472961121,0.9076602148843318,0.032824806971856746,0.43758305438145756,0.8989987114833214,0.22586570528765826,0.16794955730438232,0.907863438129425,-0.05350864920381767,0.13934918110779235,-0.12908614089368,-0.20191644530194294,0.23271373478353546,0.01997065544128418,1756596652411770400,1756596652.4117703
-0.11868106671524101,0.9114515844327686,-0.01810900920647951,0.43977850915832106,0.9529594404978696,0.16486219610037134,-0.1186619610855677,0.9078262396832216,0.03260766714595056,0.44143574185221157,0.8988125231032932,0.2296559990006637,0.1713518649339676,0.907626211643219,-0.05738359803305903,0.1312241114118435,-0.1313751624408623,-0.1933692923719126,0.2260183313849487,0.02003192901611328,1756596652430664414,1756596652.4306645
-0.1173271465808356,0.9114269043356853,-0.018310083651131848,0.4411139700759773,0.9531823737629583,0.16595192843242756,-0.1153996914087504,0.9081150562942604,0.03294487497563287,0.4457762946576734,0.8979712576979458,0.23612659332668384,0.17490366101264954,0.9073603749275208,-0.061054125854986,0.1234942255656656,-0.1360559420714832,-0.1840593247034864,0.2124030053868754,0.020049333572387695,1756596652450766952,1756596652.4507668
-0.11597313494497354,0.9114019551103067,-0.01850406568719354,0.4424492812329437,0.9534067775717456,0.16704100953022838,-0.1120438713471186,0.908292190611226,0.03347301389952163,0.45052511069862333,0.8970475446641418,0.24230915014917986,0.17846640944480896,0.9070441722869873,-0.06302579370971172,0.1153468967652995,-0.14100018900659683,-0.17314693621092894,0.20041450110507872,0.019982337951660156,1756596652470578417,1756596652.4705784
-0.11461903123423171,0.9113767462971719,-0.018690981106201043,0.44378444163476866,0.953632651066087,0.16812942782963125,-0.10879080129474814,0.9083430785733777,0.03313028643275294,0.4544892126153508,0.8966897803113227,0.2469406700903125,0.18126574158668518,0.9065021276473999,-0.06513620832699873,0.10755717029342086,-0.14248011113909037,-0.164452499121714,0.1912967433193742,0.020317554473876953,1756596652497832276,1756596652.4978323
-0.11326483487437132,0.9113512874037704,-0.018870855588297708,0.4451194502885656,0.9538599933717951,0.16921717170561923,-0.10544290327670522,0.9084189530767371,0.032770864544490415,0.45835591056186387,0.8961591275678912,0.25240976683182215,0.1835508644580841,0.9056340456008911,-0.06360010529772468,0.09933080320055712,-0.14388101782848042,-0.15651165371576287,0.17973326172143936,0.019567489624023438,1756596652510526369,1756596652.5105264
-0.11191054529048942,0.9113255879047371,-0.01904371472429922,0.44645430620316157,0.9540888035985213,0.17030422948131863,-0.10247783506753283,0.9084188633636873,0.03168973519703806,0.46227857806762784,0.8957915018611141,0.2584148434738318,0.18607139587402344,0.9046704173088074,-0.05959175280375058,0.09258672823521087,-0.14254249611296418,-0.14831354746832756,0.16570803736378806,0.01999068260192871,1756596652531353757,1756596652.531354
-0.11055616190716161,0.9112996572419294,-0.01920958402649786,0.44778900838923424,0.9543190808397499,0.17139058944448404,-0.09950532420085564,0.9081590478667934,0.029975986411995927,0.4661256405335571,0.8955404395816949,0.26448389054304666,0.1893746554851532,0.9037459492683411,-0.05118748259478529,0.08578240357964215,-0.13804973030703685,-0.14030946436737185,0.15091588656971805,0.020308971405029297,1756596652553050769,1756596652.553051
-0.1092016841485745,0.9112735048244166,-0.019368488895104008,0.4491235558594429,0.9545508241728909,0.17247623981879512,-0.09636483885992767,0.9078310190673246,0.028138111785887654,0.4702036966975818,0.8952205266125162,0.27137625720275826,0.19303718209266663,0.90289306640625,-0.04082318403430367,0.07826282341632954,-0.13273302680478383,-0.13167696140690818,0.13365626024932514,0.019692182540893555,1756596652571133417,1756596652.5711334
-0.10784711143870411,0.9112471400290524,-0.01952045463911034,0.4504579476286013,0.9547840326587821,0.1735611687667329,-0.0932970148374368,0.9079335884913707,0.02794536202793319,0.4743040091622474,0.8948731057294732,0.2778758659690381,0.19709986448287964,0.9021303057670593,-0.028481873803292368,0.07095402183621248,-0.13463241258772565,-0.12289384917531637,0.11780391042875468,0.019999265670776367,1756596652590525048,1756596652.590525
-0.1064924432014124,0.9112205722000122,-0.019665506495445406,0.45179218271377186,0.9550187053422219,0.1746453644323367,-0.09221654657207715,0.906882785177883,0.009113219884077737,0.47812880437510774,0.8947912941324184,0.2822167057597227,0.20116499066352844,0.9013070464134216,-0.015109457869122263,0.07139072753319686,-0.0675819717256947,-0.11432318114259635,0.10829074578403255,0.020085811614990234,1756596652610555233,1756596652.6105552
-0.1051376788606252,0.9111938106493984,-0.019803669594987028,0.45312626013443935,0.9552548412514499,0.1757288148885192,-0.08957910112138703,0.9067911729610343,0.008062515986343388,0.4819405266345129,0.8944949067969399,0.28676687732344286,0.2052575945854187,0.9005010724067688,-0.0021168890118047293,0.06577111924727845,-0.06511179728349402,-0.10609019637575828,0.09874689353535814,0.019999027252197266,1756596652630546966,1756596652.630547
-0.10378281784045511,0.91116686465714,-0.019934968979133494,0.4544601789126294,0.9554924393983182,0.17681150816411462,-0.08703935904169555,0.9069100609656555,0.0076026859439398105,0.48543738213408283,0.8942857102081354,0.2901918832653929,0.20913046598434448,0.8997671008110046,0.014400479281976864,0.06051109827591753,-0.06539340113620441,-0.09867608442889089,0.09249977650239338,0.020029783248901367,1756596652650651472,1756596652.6506515
-0.10242785956535268,0.9111397434712806,-0.0200594296308636,0.4557939380730579,0.9557314987780797,0.17789343226764354,-0.08457390897440561,0.907077158598775,0.007452292656322605,0.4890055611226189,0.894119271569034,0.29381905365330985,0.20988261699676514,0.8984370231628418,0.03526178009869518,0.0555225956005907,-0.06689038542421584,-0.09096773146874583,0.08548336554910568,0.01990342140197754,1756596652670459943,1756596652.67046
-0.10107280346022693,0.9111124563078686,-0.020177076427755125,0.45712753664324524,0.9559720183695753,0.17897457514929282,-0.08202750862051858,0.9071268822167311,0.006992177937367137,0.49126982758712034,0.8954068294012502,0.2912876660148327,0.2077205628156662,0.8968769907951355,0.060735268629984025,0.050165673017108496,-0.06689393364525686,-0.08489775498432395,0.09362676358454486,0.020241260528564453,1756596652692614681,1756596652.6926146
-0.09971764895060145,0.9110850123513402,-0.020287934156881793,0.4584609736536711,0.9562139971349265,0.18005492470515438,-0.07955525314480535,0.9071680672123725,0.006784318446698172,0.4943520877896699,0.8951345351977085,0.2957502077241956,0.20716232061386108,0.8944234848022461,0.07686930587991826,0.04508514184676305,-0.06769565075815452,-0.07939510914988471,0.08367374488160381,0.01984715461730957,1756596652712613967,1756596652.7126138
-0.09836239546273878,0.9110574207544871,-0.020392027531338286,0.4597942481378938,0.9564574340196444,0.18113446880353035,-0.07726330018495672,0.9072309913405111,0.006842845249619267,0.49752374986520576,0.895239752597391,0.29914868789740057,0.20762167870998383,0.8943572640419006,0.09646145825555195,0.04070035018732442,-0.06948647511558302,-0.07277219481777443,0.07617363607474238,0.02001786231994629,1756596652731401116,1756596652.7314012
-0.09700704242377238,0.9110296906385468,-0.020489381200486267,0.46112735913267866,0.9567023279526142,0.182213195291145,-0.07505276146130091,0.9072290486747647,0.006392137402710456,0.5006063810830017,0.8953535290314443,0.30180882430592515,0.2072824239730835,0.8938388824462891,0.1076712388953041,0.03660631804194552,-0.06927717759681476,-0.06624873915423975,0.07108070197482333,0.020119667053222656,1756596652751175982,1756596652.7511759
-0.0956515892618429,0.9110018310933624,-0.02058001971761758,0.4624603056781308,0.9569486778460158,0.18329109195422877,-0.07306126690923082,0.9072119346410886,0.006389193275448638,0.5036496437054558,0.8957543105027733,0.3039086026108615,0.2075687199831009,0.8943806290626526,0.10765534505481589,0.033368295032708085,-0.07054993018189942,-0.05932399703967996,0.06688105790216982,0.02045130729675293,1756596652774116666,1756596652.7741165
-0.09429603540625246,0.9109738511777635,-0.020663967552172036,0.4637930868178462,0.9571964825950156,0.18436814654469913,-0.07117159240215629,0.9072208926668905,0.006621652271907625,0.5066730116023136,0.8959580534748567,0.3065867949898231,0.2075728476047516,0.8943521976470947,0.10788988111334948,0.03054942470842572,-0.07266992669060648,-0.052878451651060546,0.06141609614246882,0.019547224044799805,1756596652792880499,1756596652.7928803
-0.09294038028755353,0.9109457599191605,-0.020741249124660577,0.4651257015989958,0.9574457410782454,0.18544434680425148,-0.06930595191845473,0.9072978122897914,0.006771619690681849,0.5093877998229404,0.8968222138584777,0.3070466392622846,0.20752787590026855,0.8943662643432617,0.10771348860713592,0.02780110471727209,-0.07475646355250286,-0.04612847746550821,0.06100326837601052,0.019992351531982422,1756596652815048518,1756596652.8150485
-0.09158462333770848,0.910917566314024,-0.02081188874187534,0.46645814907248206,0.9576964521574068,0.18651968039901323,-0.06733934266284455,0.9072156454859577,0.0059556140069492855,0.5119643408314634,0.8973040179576589,0.3098181677065015,0.20749719440937042,0.8943517804145813,0.10781950748494012,0.024611981966138393,-0.07293771445916002,-0.041032598574968396,0.053761199434571444,0.02016282081604004,1756596652834655936,1756596652.834656
-0.09022876399020817,0.9108892793278706,-0.02087591066321215,0.46779042829305423,0.9579486146773569,0.187594134997207,-0.06538795256484517,0.9071665272777711,0.004993619980542035,0.5143920186810476,0.8975811456433098,0.31293871957722974,0.20752215385437012,0.8943800330162048,0.10776706078360351,0.02147276663349184,-0.07066565259496414,-0.03687028099616852,0.04584579814980918,0.019811153411865234,1756596652851530150,1756596652.8515303
-0.08887280168021548,0.9108609078955551,-0.020933339080729585,0.4691225383194473,0.9582022274658925,0.18866769823607754,-0.06324074367288929,0.9072872030852225,0.005394013063342508,0.5166744322704118,0.897733050975469,0.3138914869904639,0.20754067599773407,0.8943809866905212,0.10758821880363076,0.017543054195767155,-0.07363984873969043,-0.032777631651012086,0.04561026289639751,0.019893169403076172,1756596652870433003,1756596652.870433
-0.08751673584465748,0.9108324609209698,-0.020984198099940343,0.47045447821447056,0.9584572893341282,0.18974035770937192,-0.06141408389988612,0.9073862625352921,0.005609558812223591,0.5191387286333606,0.898273617990629,0.3142076130479752,0.20753875374794006,0.8943800330162048,0.10754233041090992,0.014878949189285388,-0.07590710780365284,-0.027260242396782517,0.0464812352956342,0.01993703842163086,1756596652890538171,1756596652.8905382
-0.08616056592239141,0.9108039472776321,-0.021028511754839663,0.4717862470451709,0.9587137990759846,0.1908121009822512,-0.059858172844165336,0.9072023164626871,0.004824562739315938,0.5217708470588868,0.8988931492420518,0.3156570512286838,0.20754028856754303,0.8943867087364197,0.10731109594042176,0.013282333014226806,-0.07372424944469774,-0.02128543354993252,0.04340521699057312,0.020008325576782227,1756596652910456845,1756596652.910457
-0.08480429135430158,0.9107753758084574,-0.021066304020950444,0.4731178438829246,0.9589717554684931,0.191882915601286,-0.05823134412111031,0.9069219193452397,0.003151251265655478,0.5242339531800516,0.8991235889970232,0.3179573177463717,0.20751382410526276,0.8943813443183899,0.10755893194773464,0.011375532937984241,-0.06808640810401693,-0.016691854378893277,0.03851921503216844,0.0201413631439209,1756596652935100268,1756596652.9351
-0.08344791158342596,0.9107467553259042,-0.021097598802345185,0.47444926780356156,0.9592311572717213,0.1929527890860938,-0.05655736621539109,0.9069524855035004,0.0026748449681279415,0.5264176128553677,0.899376955196937,0.3198284033606993,0.20752307772636414,0.8943783640861511,0.10758353258947001,0.00928586187733975,-0.06757598700294346,-0.013019214511856827,0.03471203004823411,0.020066022872924805,1756596652952395560,1756596652.9523954
-0.0820914260550861,0.910718094612167,-0.021122419939190173,0.4757805178874906,0.9594920032286663,0.19402170893311066,-0.05492167926296934,0.907086533314372,0.003153064087759779,0.5283801349778039,0.8998903546363363,0.3204598736964228,0.20754766464233398,0.894385814666748,0.10759578320062682,0.0073629895633014275,-0.07067418524877124,-0.009493847703926373,0.0340516467719163,0.019848108291625977,1756596652970526035,1756596652.970526
-0.08073483421701064,0.910689402419293,-0.021140791199523168,0.4771115932198195,0.9597542920652041,0.19508966260724225,-0.053394359731972096,0.9070304441100989,0.0027012116013924695,0.5301512443488191,0.9006056091942205,0.3200651272509325,0.20749177038669586,0.8943837285041809,0.10657535323062449,0.005856228677710821,-0.06990402817482327,-0.0061274853569493505,0.03602902851131106,0.01993274688720703,1756596652990529099,1756596652.990529
-0.07937813551944425,0.9106606874691545,-0.02115273630232295,0.4784424928904599,0.9600180224902,0.1961566375699979,-0.05195089228286759,0.9069405114589577,0.001923224401886014,0.5320388503143969,0.9011992986901497,0.3203506536008054,0.20773378014564514,0.8943321704864502,0.10464254140570833,0.0046767864042197614,-0.06785305728770206,-0.002648992233973248,0.0362576725848441,0.019961118698120117,1756596653010424010,1756596653.0104241
-0.07802132941526739,0.9106319584535641,-0.021158278880727632,0.47977321599424494,0.9602831931954666,0.1972226212368975,-0.050495573004691596,0.9070043099797431,0.0021885343363944407,0.5340112809673065,0.9015760364891351,0.3216535761230772,0.2077482044696808,0.8943273425102234,0.10472288088364305,0.003456345012912908,-0.06988948506546998,0.0005971123601328808,0.03384025952825827,0.0201113224029541,1756596653030570594,1756596653.0305705
-0.0766644153601246,0.9106032240344689,-0.02115744252984797,0.4811037616310513,0.9605498028556482,0.1982876010253225,-0.04903516104550859,0.9069774929674079,0.0016233900385630097,0.5359750839847619,0.9019486457777145,0.32287714928672795,0.20773571729660034,0.8943390250205994,0.10460848327299681,0.0022038853417704353,-0.06873362452141484,0.003838746967296775,0.03171262295184596,0.0200042724609375,1756596653050623872,1756596653.050624
-0.07530739281252805,0.9105744928439099,-0.021150250770231693,0.48243412890590176,0.9608178501283353,0.19935156432391743,-0.047685483099587866,0.9070678430313159,0.0018521645526415323,0.5380023810714512,0.9023587590660869,0.3239701389871592,0.20774835348129272,0.8943386673927307,0.104755863899652,0.0014073014866170645,-0.07068171300248492,0.007430992027704825,0.029983512638731974,0.01999974250793457,1756596653070566480,1756596653.0705664
-0.07395026123398793,0.9105457734842635,-0.02113672707541525,0.48376431692908917,0.9610873336539001,0.20041449851666382,-0.04640459485794987,0.907100799463266,0.001997246808265957,0.5398188026929509,0.9028729811846643,0.3247690823163376,0.20775993168354034,0.8943448662757874,0.1046830182112829,0.0008922188377863138,-0.07212514814381737,0.010434653464958149,0.02869436454466387,0.01987934112548828,1756596653090512644,1756596653.0905128
-0.07259302008910737,0.9105170745281195,-0.02111689484302559,0.48509432481627024,0.9613582520556951,0.2014763909501207,-0.045142078363371585,0.9069795599624249,0.0010443089659677542,0.5414698836397658,0.9032529672130011,0.32586019798357446,0.2077363133430481,0.894332230091095,0.1047053977321291,0.0004315766491556791,-0.06923736526851175,0.012548226951283357,0.026656928484250008,0.020131349563598633,1756596653110599341,1756596653.1105995
-0.07123566884571225,0.910488404518546,-0.021090777435313512,0.48642415168858993,0.9616306039398648,0.20253722898222515,-0.04393884861731742,0.9069226294996595,0.0006490754826219318,0.5430899980160804,0.903562056034542,0.3272087048592893,0.20773044228553772,0.8943145871162415,0.10475849416937268,0.0002275459729126548,-0.06842406842361681,0.014366227857808226,0.02397217752528874,0.0198824405670166,1756596653130410424,1756596653.1304104
-0.06987820697495634,0.9104597719690931,-0.02105839814097621,0.48775379667278357,0.9619043878954175,0.20359699993748537,-0.0426903830589786,0.9069655879397482,0.0007772577792936955,0.5446855944762329,0.9039139970128571,0.32791740995070473,0.20778189599514008,0.8943297266960144,0.10469002895212179,-0.00015102152260517934,-0.06973297964933342,0.016348275513306188,0.02327921492368407,0.02005791664123535,1756596653150603316,1756596653.1506033
-0.0685206339514283,0.91043118536383,-0.021019780208783256,0.48908325890128007,0.9621796024942639,0.20465569113984472,-0.04150599083137477,0.9069066681684596,0.00023808101814812042,0.546399239055792,0.9039686558268132,0.3295228698281223,0.20785391330718994,0.8943182826042175,0.10489418797148169,-0.00027795165337162397,-0.06836727697999095,0.0181298897461941,0.02067244790617672,0.020064115524291992,1756596653170645415,1756596653.1706455
-0.0671629492532751,0.9104026531575677,-0.020974946821809226,0.49041253751232117,0.9624562462910731,0.2057132898977092,-0.040384493945686856,0.9068935981170698,-0.0003452105912539989,0.5480230783155133,0.904043694989077,0.3311473703391412,0.20792320370674133,0.8942833542823792,0.10519923361508289,-0.00014395348951502153,-0.0669629293117675,0.01957823030118654,0.017833392612135006,0.019997119903564453,1756596653190654046,1756596653.190654
-0.06580515236229134,0.9103741837757313,-0.02092392112196917,0.4917416316500483,0.9627343178234733,0.2067697835122635,-0.039173526508922196,0.9068607015517856,-0.0009183793904236694,0.5493767088877707,0.9043232106468108,0.332151136488676,0.20766374468803406,0.8945131301879883,0.10000191293093322,-0.0003622772076775075,-0.06547598435111836,0.02043273426609644,0.016113010861800062,0.019979476928710938,1756596653210516772,1756596653.2105167
-0.06444724276405006,0.910345785614672,-0.020866726194095353,0.4930705404646283,0.963013815611819,0.20782515927769563,-0.03826203505525058,0.9062264197193788,-0.004954851256619982,0.5505789132490262,0.9045068791483781,0.33344428802721593,0.209371879696846,0.8937972784042358,0.10816862413007026,0.0005730255363841408,-0.04987210222626392,0.02047372334548293,0.013555410296880973,0.019969463348388672,1756596653230505984,1756596653.230506
-0.06308921994798483,0.9103174670414833,-0.020803385069396718,0.49439926311233245,0.9632947381594485,0.20887940447353603,-0.03713379353081209,0.9062095572002759,-0.005062220851300853,0.5517123538756421,0.9047391085014451,0.33404387314885087,0.20947948098182678,0.8936599493026733,0.10936270635284429,0.0007153129863250896,-0.04978951306837778,0.020513095021928253,0.013123404538852319,0.01992034912109375,1756596653250460212,1756596653.2504601
-0.0617310834075179,0.9102892363943141,-0.020733920744726575,0.4957277987556611,0.9635770839524481,0.2099325063871662,-0.03609670551230515,0.9061660549815912,-0.004880766544092032,0.5528625216539802,0.9048942744112346,0.33468024522009054,0.20930597186088562,0.893726110458374,0.10518207174127067,0.0012311704981386549,-0.05058277955101882,0.020501003493613335,0.012842222132295187,0.02010631561279297,1756596653270594119,1756596653.2705941
-0.06037283264014284,0.9102611019822022,-0.020658356146298296,0.49705614656342223,0.9638608514598954,0.21098445227923346,-0.035158672048669515,0.9060385503390677,-0.005649887917477097,0.5540946426115829,0.9050599539737588,0.33547624192411263,0.20930011570453644,0.8937210440635681,0.10520022155905394,0.0021402243253307476,-0.04777749134132849,0.020763994215984703,0.012101436577682754,0.020049095153808594,1756596653291246953,1756596653.291247
-0.059014467147554206,0.9102330720854224,-0.020576714177786393,0.4983843057108576,0.9641460391335883,0.21203522943033004,-0.03423135670516675,0.9059875278318333,-0.006560145621777409,0.5554004641673838,0.9052767706200712,0.33649432637023224,0.20929448306560516,0.8937530517578125,0.10499219095718554,0.0031082221069996816,-0.044692127945551184,0.02130362485396711,0.010541694116180703,0.019943952560424805,1756596653311548186,1756596653.3115482
-0.057655986435715484,0.9102051549551895,-0.020489017688102962,0.4997122753797072,0.9644326454084136,0.21308482511020888,-0.033219293285056406,0.9059018852215039,-0.0074054048440155016,0.556609597135245,0.9053642687464398,0.33796480164061116,0.20931090414524078,0.8937655687332153,0.10502355816322556,0.0037456848819830794,-0.04164804529863171,0.021146498123926008,0.007750976310651012,0.020023345947265625,1756596653335069818,1756596653.3350697
-0.05629739001499773,0.9101773588141173,-0.020395289471389244,0.5010400547583438,0.964720668701972,0.21413322657737943,-0.03226590240246574,0.905919321582414,-0.007570366376655777,0.5576792433185026,0.905330219601175,0.33966354493578255,0.20931704342365265,0.893747866153717,0.10523107107315455,0.004647116605342928,-0.04125316885919155,0.02019242410347804,0.004419246224205729,0.019932985305786133,1756596653351331817,1756596653.351332
-0.05493867740025507,0.9101496918560179,-0.020295552289098406,0.5023676430418449,0.9650101074148472,0.21518042109855573,-0.03145624114417636,0.905820165577686,-0.008344022729527379,0.5585198817480869,0.9052499679257534,0.3415440270494394,0.20929916203022003,0.8937317728996277,0.10513153949752757,0.006124317131197822,-0.03830871314052995,0.018210867872429478,0.00031651525940753074,0.02005290985107422,1756596653371645626,1756596653.3716457
-0.05357984811092878,0.9101221622460182,-0.020189828863016235,0.5036950394320929,0.9653009599305694,0.2162263959468662,-0.030598323419850942,0.9057419146623974,-0.009127029849148755,0.5593267220033431,0.905188893998369,0.3433315196376858,0.20929847657680511,0.893721878528595,0.10510772533431555,0.007423236335843811,-0.03534548301489404,0.016127921830521655,-0.003603021045551042,0.0200498104095459,1756596653394183745,1756596653.3941836
-0.05222090167114288,0.9100947781206005,-0.02007814186345991,0.5050222431378676,0.965593224615653,0.21727113838268197,-0.02978009801844153,0.905705798262338,-0.01008859031769817,0.5601054045056805,0.9051940972579848,0.34503437182380736,0.2093200981616974,0.8937540650367737,0.1048682295018965,0.008894152080774681,-0.031851435924557664,0.014030985343325168,-0.007523341416089963,0.02012038230895996,1756596653414676916,1756596653.414677
-0.05086183760981919,0.9100675475878361,-0.01996051392227871,0.5063492533749572,0.9658868998194345,0.2183146356797585,-0.028926537918908563,0.9056871832491546,-0.010891032885827441,0.5608985664243116,0.9052936744563733,0.3467113018582437,0.20935475826263428,0.893771231174469,0.10477693397677884,0.010246691407022588,-0.02890193099986458,0.012100136532126294,-0.01166264888839722,0.019955873489379883,1756596653437477202,1756596653.437477
-0.04950265546074467,0.9100404787271562,-0.01983696764413878,0.5076760693662216,0.9661819838743818,0.21935687511966906,-0.02810798231684658,0.9056770483386686,-0.011234078336409369,0.5617511073362333,0.9054389166032076,0.3483647410762578,0.20939530432224274,0.8937689065933228,0.10454037779246508,0.011768000309426641,-0.027511085438263232,0.010443963510118967,-0.015819629364770493,0.019843578338623047,1756596653451132678,1756596653.4511328
-0.048143354762690826,0.9100135795896572,-0.01970752558224964,0.5090026903417086,0.9664784750958612,0.22039784398043105,-0.027269453782079456,0.9055893381042622,-0.01201630444972821,0.5625855792367046,0.9056277435336098,0.3499914760155436,0.20939816534519196,0.8937625885009766,0.10422778834633581,0.013209837999019283,-0.02428517793777665,0.008774190784592125,-0.020101846417371505,0.020036935806274414,1756596653474670238,1756596653.4746704
-0.04678393505948153,0.9099868581978923,-0.0195722102484166,0.510329115538718,0.9667763717824274,0.22143752953964002,-0.026461523277521076,0.9054429779076567,-0.013397677859485958,0.5635204957491069,0.9057623584202645,0.35259320524639026,0.20942817628383636,0.89375239610672,0.10375370606683613,0.014768673754925469,-0.01871077098381091,0.007105261376699827,-0.02749693754281027,0.02033710479736328,1756596653494840987,1756596653.494841
-0.045424395900129644,0.9099603225463617,-0.019431044127925734,0.5116553442019343,0.9670756722154037,0.2224759190964387,-0.02605390368197716,0.9053958012512431,-0.013957125773885998,0.56399911599596,0.9058727934716545,0.354064365307623,0.20925559103488922,0.8937085866928101,0.10569785168149004,0.017988043812371037,-0.016226799751399543,0.003950858654313452,-0.03150090077004941,0.01988983154296875,1756596653511339987,1756596653.5113401
-0.044064736838864804,0.9099339806009319,-0.019284049680715842,0.5129813755834509,0.9673763746595432,0.2235129999697283,-0.02477026380932587,0.9053516636225074,-0.014750787428623279,0.5653929265635627,0.9058223585244767,0.3591033247139692,0.209270641207695,0.8937363624572754,0.10579628482755929,0.017700546145886318,-0.012931659834865545,0.0029585270868770657,-0.04615216376427031,0.019875288009643555,1756596653530641596,1756596653.5306416
